"long_name","name","slug","tid"
"Abilene Christian University","Abilene Christian","abilene-christian","355"
"Academy of Art University","Academy of Art","academy-of-art","357"
"Adams State University","Adams St.","adams-st","1"
"Adelphi University","Adelphi","adelphi","359"
"Adrian College","Adrian","adrian","361"
"Agnes Scott College","Agnes Scott","agnes-scott","363"
"Air Force Academy","Air Force","air-force","1997"
"University of Akron","Akron","akron","2013"
"University of Alabama-Huntsville","Alabama-Huntsville","ala-huntsville","2017"
"University of Alabama","Alabama","alabama","2019"
"Alabama A&M University","Alabama A&M","alabama-am","365"
"Alabama State University","Alabama St.","alabama-st","367"
"University of Alaska-Anchorage","Alas. Anchorage","alas-anchorage","2021"
"University of Alaska-Fairbanks","Alas. Fairbanks","alas-fairbanks","2023"
"University at Albany","Albany (NY)","albany-ny","2009"
"Albany State University ","Albany St. (GA)","albany-st-ga","369"
"Albertus Magnus College","Albertus Magnus","albertus-magnus","371"
"Albion College","Albion","albion","373"
"Albright College","Albright","albright","375"
"Alcorn State University","Alcorn St.","alcorn","377"
"Alderson-Broaddus University ","Alderson Broaddus","alderson-broaddus","379"
"Alfred University","Alfred","alfred","381"
"Alfred State College","Alfred State","alfred-st","27337"
"Allegheny College","Allegheny","allegheny","383"
"Alma College","Alma","alma","385"
"Alvernia University","Alvernia","alvernia","387"
"Alverno College","Alverno","alverno","389"
"Texas A&M-Corpus Christi","Texas-Am-Corpus ","am-corpus-chris","1933"
"American University","American","american","393"
"American International College","American Int'l","american-intl","391"
"American University of Puerto Rico","American (PR)","american-pr","395"
"Amherst College","Amherst","amherst","397"
"Anderson University (Ind.) ","Anderson (IN)","anderson-in","399"
"Anderson University (S.C.)","Anderson (SC)","anderson-sc","401"
"Angelo State University","Angelo St.","angelo-st","403"
"Anna Maria College","Anna Maria","anna-maria","405"
"Appalachian State University","Appalachian St.","appalachian-st","5"
"Arcadia University","Arcadia","arcadia","407"
"University of Arizona","Arizona","arizona","2025"
"Arizona State University","Arizona St.","arizona-st","409"
"University of Arkansas-Fort Smith","Ark. - Fort Smith","ark-fort-smith","2029"
"University of Arkansas-Monticello","Ark.-Monticello","ark-monticello","2033"
"University of Arkansas-Pine Bluff","Ark.-Pine Bluff","ark-pine-bluff","2035"
"University of Arkansas","Arkansas","arkansas","2027"
"Arkansas State University","Arkansas St.","arkansas-st","411"
"Arkansas Tech University","Arkansas Tech","arkansas-tech","413"
"Armstrong State University","Armstrong","armstrong","415"
"Army West Point","Army","army","2003"
"Ashland University","Ashland","ashland","417"
"Assumption College","Assumption","assumption","419"
"","Auburn-Montgomery","aub-montgomery","43815"
"Auburn University","Auburn","auburn","421"
"Augsburg University","Augsburg","augsburg","423"
"Augustana College (IL)","Augustana (IL)","augustana-il","427"
"Augustana University (SD)","Augustana (SD)","augustana-sd","429"
"Aurora University","Aurora","aurora","431"
"Austin College","Austin","austin","3"
"Austin Peay State University","Austin Peay","austin-peay","433"
"Averett University","Averett","averett","435"
"Azusa Pacific University","Azusa Pacific","azusa-pacific","27239"
"Babson College","Babson","babson","437"
"CSU Bakersfield","CSU Bakersfield","bakersfield","561"
"Baldwin Wallace University","Baldwin Wallace","baldwin-wallace","439"
"Ball State University","Ball St.","ball-st","441"
"Clarks Summit University","Clarks Summit University ","baptist-bible-pa","443"
"Bard College","Bard","bard","445"
"Barry University","Barry","barry","447"
"Barton College","Barton","barton","449"
"Baruch College","Baruch","baruch","451"
"Bates College","Bates","bates","453"
"Bay Path University","Bay Path","bay-path","455"
"Baylor University","Baylor","baylor","457"
"Becker College","Becker","becker","459"
"Bellarmine University","Bellarmine","bellarmine","461"
"Belmont University","Belmont","belmont","465"
"Belmont Abbey College","Belmont Abbey","belmont-abbey","463"
"Beloit College","Beloit","beloit","467"
"Bemidji State University","Bemidji St.","bemidji-st","469"
"Benedict College","Benedict","benedict","471"
"Benedictine University","Benedictine (IL)","benedictine-il","473"
"Bentley University","Bentley","bentley","475"
"Berry College","Berry","berry","477"
"Bethany Lutheran College","Bethany Lutheran","bethany-lutheran","481"
"Bethany College","Bethany (WV)","bethany-wv","479"
"Bethel University","Bethel (MN)","bethel-mn","483"
"Bethune-Cookman University","Bethune-Cookman","bethune-cookman","485"
"Binghamton University","Binghamton","binghamton","487"
"Birmingham-Southern College","Birmingham-So.","birmingham-so","489"
"Black Hills State University","Black Hills St.","black-hills-st","491"
"Blackburn College","Blackburn","blackburn","493"
"Bloomfield College","Bloomfield","bloomfield","495"
"Bloomsburg University","Bloomsburg","bloomsburg","497"
"Bluefield State College","Bluefield St.","bluefield-st","499"
"Bluffton University","Bluffton","bluffton","501"
"Boise State University","Boise St.","boise-st","503"
"Boston College","Boston College","boston-college","505"
"Boston University","Boston U.","boston-u","507"
"Bowdoin College","Bowdoin","bowdoin","509"
"Bowie State University","Bowie St.","bowie-st","511"
"Bowling Green State University","Bowling Green","bowling-green","513"
"Bradley University","Bradley","bradley","515"
"Brandeis University","Brandeis","brandeis","517"
"Brevard College","Brevard","brevard","519"
"University of Bridgeport","Bridgeport","bridgeport","2037"
"Bridgewater State University","Bridgewater St.","bridgewater-st","523"
"Bridgewater College","Bridgewater (VA)","bridgewater-va","521"
"College at Brockport","Brockport","brockport","687"
"Brooklyn College","Brooklyn","brooklyn","21"
"Brown University","Brown","brown","529"
"Bryant University","Bryant","bryant","531"
"Bryn Athyn College","Bryn Athyn","bryn-athyn","27341"
"Bryn Mawr College","Bryn Mawr","bryn-mawr","533"
"Bucknell University","Bucknell","bucknell","535"
"Buena Vista University","Buena Vista","buena-vista","537"
"University at Buffalo","Buffalo","buffalo","2011"
"Buffalo State College","Buffalo St.","buffalo-st","539"
"Butler University","Butler","butler","541"
"Brigham Young University","BYU","byu","525"
"BYU-Hawaii","BYU-Hawaii","byu-hawaii","527"
"Cabrini University ","Cabrini","cabrini","545"
"Cairn University","Cairn","cairn","1581"
"California Lutheran University","Cal Lutheran","cal-lutheran","553"
"Cal Poly","Cal Poly","cal-poly","555"
"Cal Poly-Pomona","Cal Poly Pomona","cal-poly-pomona","557"
"Cal State-Dominguez Hills","Cal St. Dom. Hills","cal-st-dom-hills","565"
"Cal State-East Bay","Cal St. East Bay","cal-st-east-bay","567"
"Cal State-Fullerton","Cal St. Fullerton","cal-st-fullerton","571"
"Cal State-Los Angeles","Cal State LA","cal-st-la","573"
"Cal State-Monterey Bay","Cal St. Monterey Bay","cal-st-monterey-bay","559"
"Cal State-Northridge","Cal St. Northridge","cal-st-northridge","575"
"Cal State-San Bernardino","Cal St. San B'dino","cal-st-san-bdino","579"
"","Cal State-San Marcos","cal-st-san-marcos","43817"
"Cal State-Stanislaus","Cal St. Stanislaus","cal-st-stanislaus","581"
"Caldwell University","Caldwell","caldwell","547"
"University of California","California","california","2039"
"California Baptist University","Cal Baptist","california-baptist","549"
"California University of Pennsylvania","California (PA)","california-pa","583"
"California Institute of Technology","Caltech","caltech","551"
"Calvin College","Calvin","calvin","585"
"Cameron University","Cameron","cameron","587"
"Campbell University","Campbell","campbell","589"
"Canisius College","Canisius","canisius","591"
"Capital University","Capital","capital","593"
"Carleton College","Carleton","carleton","595"
"Carnegie Mellon University","Carnegie Mellon","carnegie-mellon","597"
"Carroll University","Carroll (WI)","carroll-wi","599"
"Carson-Newman College","Carson-Newman","carson-newman","601"
"Carthage College","Carthage","carthage","603"
"Case Western Reserve University","Case Western Reserve","case","605"
"Castleton University ","Castleton","castleton","607"
"Catawba College","Catawba","catawba","609"
"Catholic University","Catholic","catholic","611"
"Cazenovia College","Cazenovia","cazenovia","613"
"City College of New York","CCNY","ccny","1953"
"Cedar Crest College","Cedar Crest","cedar-crest","615"
"Cedarville University","Cedarville","cedarville","617"
"Centenary College of Louisiana","Centenary (LA)","centenary-la","619"
"Centenary University (N.J.)","Centenary (NJ)","centenary-nj","621"
"University of Central Arkansas","Central Ark.","central-ark","2055"
"Central Connecticut State University","Central Conn. St.","central-conn-st","625"
"Central College (Iowa)","Central (IA)","central-ia","623"
"Central Michigan University","Central Mich.","central-mich","627"
"University of Central Missouri","Central Mo.","central-mo","2059"
"University of Central Oklahoma","Central Okla.","central-okla","2061"
"Central State University","Central St. (OH)","central-st-oh","629"
"Central Washington University","Central Wash.","central-wash","631"
"Centre College","Centre","centre","633"
"Chadron State College","Chadron St.","chadron-st","635"
"Chaminade University","Chaminade","chaminade","637"
"Chapman University","Chapman","chapman","639"
"Charleston Southern University","Charleston So.","charleston-so","641"
"University of Charleston","Charleston (WV)","charleston-wv","2063"
"UNC Charlotte","Charlotte","charlotte","2207"
"Chatham University","Chatham","chatham","643"
"University of Tennessee at Chattanooga","Tenn-Chattanooga ","chattanooga","2291"
"Chestnut Hill College","Chestnut Hill","chestnut-hill","645"
"Cheyney University of Pennsylvania","Cheyney","cheyney","647"
"University of Chicago","Chicago","chicago","2065"
"Chicago State University","Chicago St.","chicago-st","649"
"California State University, Chico","Chico State","chico-st","563"
"Chowan University","Chowan","chowan","651"
"Christopher Newport University","Chris. Newport","chris-newport","655"
"Christian Brothers University","Christian Bros.","christian-bros","653"
"University of Cincinnati","Cincinnati","cincinnati","2067"
"The Citadel","Citadel","citadel","1951"
"NYC College of Technology","New-York-City-Tech","city-tech","1437"
"Claflin University","Claflin","claflin","657"
"Claremont-Mudd-Scripps Colleges","Claremont-M-S","claremont-m-s","659"
"Clarion University of Pennsylvania","Clarion","clarion","661"
"Clark Atlanta University","Clark Atlanta","clark-atlanta","663"
"Clark University","Clark (MA)","clark-ma","665"
"Clarke University","Clarke","clarke","667"
"Clarkson University","Clarkson","clarkson","669"
"Clayton State University","Clayton St.","clayton-st","671"
"Clemson University","Clemson","clemson","673"
"Cleveland State University","Cleveland St.","cleveland-st","675"
"U.S. Coast Guard Academy","Coast Guard","coast-guard","1999"
"Coastal Carolina University","Coastal Caro.","coastal-caro","677"
"SUNY, Cobleskill","Suny-Cobleskill ","cobleskill-st","1875"
"Coe College","Coe","coe","679"
"Coker College","Coker","coker","681"
"College of Charleston","Col. of Charleston","col-of-charleston","689"
"Colby College","Colby","colby","683"
"Colby-Sawyer College","Colby-Sawyer","colby-sawyer","685"
"Colgate University","Colgate","colgate","15"
"Colorado Christian University","Colo. Christian","colo-christian","711"
"University of Colorado","Colorado","colorado","9"
"Colorado College","Colorado Col.","colorado-col","713"
"Colorado Mesa University","Colorado Mesa","colorado-mesa","1319"
"Colorado School of Mines","Colorado School of Mines","colorado-mines","715"
"Colorado State University","Colorado St.","colorado-st","717"
"Colorado State University-Pueblo","Colorado St.-Pueblo","colorado-st-pueblo","719"
"Columbia University-Barnard College","Columbia","columbia","721"
"Columbus State University","Columbus St.","columbus-st","723"
"Concord University","Concord","concord","725"
"Concordia University Chicago","Concordia Chicago","concordia-chicago","733"
"","Concordia University-Irvine","concordia-irvine","43819"
"Concordia College-Moorhead","Concordia-M'head","concordia-mhead","729"
"Concordia College-New York","Concordia (NY)","concordia-ny","727"
"","Concordia University-Portland","concordia-or","43821"
"Concordia University, St. Paul","Concordia-St. Paul","concordia-st-paul","737"
"Concordia University Texas","Concordia (TX)","concordia-tx","735"
"Concordia University Wisconsin","Concordia (Wis.)","concordia-wi","731"
"Connecticut College","Connecticut Col.","connecticut-col","739"
"Converse College","Converse","converse","741"
"Coppin State University","Coppin St.","coppin-st","743"
"Cornell University","Cornell","cornell","7"
"Cornell College","Cornell College","cornell-college","745"
"Covenant College","Covenant","covenant","747"
"Creighton University","Creighton","creighton","749"
"Crown College","Crown (MN)","crown-mn","751"
"Curry College","Curry","curry","753"
"Daemen College","Daemen","daemen","27345"
"University of Dallas","Dallas","dallas","2073"
"Dallas Baptist University","Dallas Baptist","dallas-baptist","757"
"Daniel Webster College","Daniel Webster","daniel-webster","759"
"Dartmouth College","Dartmouth","dartmouth","761"
"Davidson College","Davidson","davidson","763"
"Davis and Elkins College","Davis & Elkins","davis-elkins","765"
"University of Dayton","Dayton","dayton","2075"
"Defiance College","Defiance","defiance","767"
"University of Delaware","Delaware","delaware","2077"
"Delaware State University","Delaware St.","delaware-st","769"
"Delaware Valley College","Delaware Valley","delaware-valley","771"
"Delta State University","Delta St.","delta-st","773"
"Denison University","Denison","denison","775"
"University of Denver","Denver","denver","2079"
"DePaul University","DePaul","depaul","777"
"DePauw University","DePauw","depauw","779"
"DeSales University","DeSales","desales","781"
"University of Detroit Mercy","Detroit","detroit","2081"
"Dickinson College","Dickinson","dickinson","783"
"University of the District of Columbia","Dist. Columbia","dist-columbia","2313"
"Dixie State University","Dixie St.","dixie-st","785"
"Dominican University of California","Dominican (Cal.)","dominican-ca","791"
"Dominican University (Ill.)","Dominican (IL)","dominican-il","789"
"Dominican College (N.Y.) ","Dominican (NY)","dominican-ny","787"
"Dowling College","Dowling","dowling","793"
"Drake University","Drake","drake","795"
"Drew University","Drew","drew","797"
"Drexel University","Drexel","drexel","799"
"Drury University","Drury","drury","801"
"University of Dubuque","Dubuque","dubuque","2083"
"Duke University","Duke","duke","803"
"Duquesne University","Duquesne","duquesne","805"
"D'Youville College","D'Youville","dyouville","755"
"Earlham College","Earlham","earlham","807"
"East Carolina University","East Carolina","east-carolina","809"
"East Central University","East Central","east-central","811"
"Eastern Mennonite University","East. Mennonite","east-mennonite","825"
"East Stroudsburg University","East Stroudsburg","east-stroudsburg","813"
"East Tennessee State University","East Tenn. St.","east-tenn-st","815"
"East Texas Baptist University","East Tex. Baptist","east-tex-baptist","817"
"Eastern University","Eastern","eastern","835"
"Eastern Connecticut State University","Eastern Conn. St.","eastern-conn-st","819"
"Eastern Illinois University","Eastern Ill.","eastern-ill","821"
"Eastern Kentucky University","Eastern Ky.","eastern-ky","823"
"Eastern Michigan University","Eastern Mich.","eastern-mich","827"
"Eastern Nazarene College","Eastern Nazarene","eastern-nazarene","829"
"Eastern New Mexico University","Eastern N.M.","eastern-nm","831"
"Eastern Oregon University","Eastern Ore.","eastern-ore","833"
"Eastern Washington University","Eastern Wash.","eastern-wash","837"
"Eckerd College","Eckerd","eckerd","839"
"Edgewood College","Edgewood","edgewood","841"
"Edinboro University","Edinboro","edinboro","843"
"Elizabeth City State University","Elizabeth City St.","elizabeth-city-st","845"
"Elizabethtown College","Elizabethtown","elizabethtown","847"
"Elmhurst College","Elmhurst","elmhurst","849"
"Elmira College","Elmira","elmira","851"
"Elms College","Elms","elms","853"
"Elon University","Elon","elon","855"
"Embry-Riddle University ","Embry-Riddle University","embry-riddle-fl","43823"
"Emerson College","Emerson","emerson","857"
"Emmanuel College (Ga.)","Emmanuel (Ga.)","emmanuel-ga","27347"
"Emmanuel College (Mass.)","Emmanuel (Mass.)","emmanuel-ma","859"
"Emory University","Emory","emory","863"
"Emory and Henry College","Emory & Henry","emory-henry","861"
"Emporia State University","Emporia St.","emporia-st","865"
"Endicott College","Endicott","endicott","867"
"Erskine College","Erskine","erskine","869"
"Eureka College","Eureka","eureka","871"
"University of Evansville","Evansville","evansville","2085"
"Evergreen St.","Evergreen St.","evergreen-st","873"
"Fairfield University","Fairfield","fairfield","875"
"Fairleigh Dickinson University","Fairleigh Dickinson","fairleigh-dickinson","879"
"Fairmont State University","Fairmont St.","fairmont-st","881"
"Farmingdale State College","Farmingdale St.","farmingdale-st","1879"
"Fayetteville State University","Fayetteville St.","fayetteville-st","883"
"Fairleigh Dickinson Univ., Florham","FDU-Florham","fdu-florham","877"
"Felician College","Felician","felician","885"
"Ferris State University","Ferris St.","ferris-st","887"
"Ferrum College","Ferrum","ferrum","889"
"Florida Gulf Coast University","FGCU","fgcu","901"
"University of Findlay","Findlay","findlay","2087"
"Finlandia University","Finlandia","finlandia","13"
"Fisk University","Fisk","fisk","891"
"Fitchburg State University","Fitchburg St.","fitchburg-st","893"
"Florida International University","FIU","fiu","905"
"Florida Atlantic University","Florida Atlantic","fla-atlantic","899"
"Florida Southern College","Fla. Southern","fla-southern","907"
"Flagler College","Flagler","flagler","895"
"University of Florida","Florida","florida","2089"
"Florida A&M University","Florida A&M","florida-am","897"
"Florida State University","Florida St.","florida-st","909"
"Florida Tech","Florida Tech","florida-tech","903"
"Fontbonne University","Fontbonne","fontbonne","911"
"Fordham University","Fordham","fordham","913"
"Fort Hays State University","Fort Hays St.","fort-hays-st","915"
"Fort Lewis College","Fort Lewis","fort-lewis","917"
"Fort Valley State University","Fort Valley St.","fort-valley-st","919"
"Framingham State University","Framingham St.","framingham-st","921"
"Francis Marion University","Francis Marion","francis-marion","923"
"Franciscan Univ. of Steubenville","Franciscan","franciscan","925"
"Franklin & Marshall College","Frank. & Marsh.","frank-marsh","927"
"Franklin College","Franklin","franklin","929"
"Franklin Pierce University","Franklin Pierce","franklin-pierce","931"
"SUNY at Fredonia","Fredonia","fredonia-st","1867"
"Fresno Pacific University","Fresno Pacific","fresno-pacific","27349"
"Fresno State","Fresno St.","fresno-st","569"
"Frostburg State University","Frostburg St.","frostburg-st","933"
"Furman University","Furman","furman","935"
"Georgia Southern University","Georgia Southern","ga-southern","955"
"Georgia Southwestern State Univ.","Ga. Southwestern","ga-southwestern","957"
"Gallaudet University","Gallaudet","gallaudet","937"
"Gannon University","Gannon","gannon","939"
"Gardner-Webb University","Gardner-Webb","gardner-webb","941"
"Geneva College","Geneva","geneva","943"
"George Fox University","George Fox","george-fox","945"
"George Mason University","George Mason","george-mason","947"
"George Washington University","George Washington","george-washington","949"
"Georgetown University","Georgetown","georgetown","951"
"University of Georgia","Georgia","georgia","2091"
"Georgia College","Georgia College","georgia-college","953"
"Georgia State University","Georgia St.","georgia-st","959"
"Georgia Tech","Georgia Tech","georgia-tech","19"
"Georgian Court University","Georgian Court","georgian-court","961"
"Gettysburg College","Gettysburg","gettysburg","963"
"Glenville State College","Glenville St.","glenville-st","965"
"Goldey-Beacom College","Goldey-Beacom","goldey-beacom","967"
"Gonzaga University","Gonzaga","gonzaga","969"
"Gordon College","Gordon","gordon","971"
"Goucher College","Goucher","goucher","973"
"Grambling State University","Grambling","grambling","975"
"Grand Canyon University","Grand Canyon","grand-canyon","977"
"Grand Valley State University","Grand Valley St.","grand-valley-st","979"
"University of Wisconsin, Green Bay","Green Bay","green-bay","2345"
"Green Mountain College","Green Mountain","green-mountain","981"
"Greensboro College","Greensboro","greensboro","983"
"Greenville University","Greenville","greenville","985"
"Grinnell College","Grinnell","grinnell","987"
"Grove City College","Grove City","grove-city","989"
"Augusta University ","Augusta University ","gru-augusta","425"
"Guilford College","Guilford","guilford","991"
"Gustavus Adolphus College","Gust. Adolphus","gust-adolphus","993"
"Gwynedd-Mercy College","Gwynedd-Mercy","gwynedd-mercy","995"
"Hamilton College","Hamilton","hamilton","997"
"Hamline University","Hamline","hamline","999"
"Hampden-Sydney College","Hampden-Sydney","hampden-sydney","1001"
"Hampton University","Hampton","hampton","1003"
"Hanover College","Hanover","hanover","1005"
"Hardin-Simmons University","Hardin-Simmons","hardin-simmons","1007"
"Harding University","Harding","harding","1009"
"University of Hartford","Hartford","hartford","2093"
"Hartwick College","Hartwick","hartwick","1011"
"Harvard University","Harvard","harvard","1013"
"Haverford College","Haverford","haverford","1015"
"University of Hawaii, Manoa","Hawaii","hawaii","2097"
"University of Hawaii at Hilo","Hawaii Hilo","hawaii-hilo","2095"
"Hawaii Pacific University","Hawaii Pacific","hawaii-pacific","1017"
"Heidelberg University","Heidelberg","heidelberg","1019"
"Henderson State University","Henderson St.","henderson-st","1021"
"Hendrix College","Hendrix","hendrix","1023"
"High Point University","High Point","high-point","1025"
"Hilbert College","Hilbert","hilbert","1027"
"Hillsdale College","Hillsdale","hillsdale","1029"
"Hiram College","Hiram","hiram","1031"
"Hobart College","Hobart","hobart","1033"
"Hofstra University","Hofstra","hofstra","1035"
"Hollins University","Hollins","hollins","1037"
"College of the Holy Cross","Holy Cross","holy-cross","705"
"Holy Family University","Holy Family","holy-family","1039"
"Holy Names University","Holy Names","holy-names","27351"
"Hood College","Hood","hood","1041"
"Hope College","Hope","hope","1043"
"Houghton College","Houghton","houghton","27353"
"University of Houston","Houston","houston","2099"
"Houston Baptist University","Houston Baptist","houston-baptist","1045"
"Howard University","Howard","howard","1049"
"Howard Payne University","Howard Payne","howard-payne","1047"
"Humboldt State University","Humboldt St.","humboldt-st","1051"
"Hunter College","Hunter","hunter","1053"
"Huntingdon College","Huntingdon","huntingdon","1055"
"Husson University","Husson","husson","1057"
"University of Idaho","Idaho","idaho","2101"
"Idaho State University","Idaho St.","idaho-st","1059"
"Illinois Tech","Illinois Tech","iit","27355"
"University of Illinois-Chicago","Ill.-Chicago","ill-chicago","2103"
"University of Illinois-Springfield","Ill.- Springfield","ill-springfield","2105"
"Illinois Wesleyan University","Ill. Wesleyan","ill-wesleyan","1065"
"University of Illinois","Illinois","illinois","2107"
"Illinois College","Illinois Col.","illinois-col","1061"
"Illinois State University","Illinois St.","illinois-st","1063"
"Immaculata University","Immaculata","immaculata","1067"
"University of the Incarnate Word","Incarnate Word","incarnate-word","2315"
"Indiana University, Bloomington","Indiana","indiana","1073"
"Indiana University of Pennsylvania","Indiana (PA)","indiana-pa","1071"
"Indiana State University","Indiana St.","indiana-st","1069"
"University of Indianapolis","Indianapolis","indianapolis","2109"
"Iona College","Iona","iona","1079"
"University of Iowa","Iowa","iowa","2111"
"Iowa State University","Iowa St.","iowa-st","1081"
"Iowa Wesleyan University ","Iowa Wesleyan","iowa-wesleyan","27357"
"Purdue University Fort Wayne","Purdue University Fort Wayne","ipfw","1077"
"Ithaca College","Ithaca","ithaca","1083"
"IUPUI","IUPUI","iupui","1075"
"Jackson State University","Jackson St.","jackson-st","1085"
"Jacksonville University","Jacksonville","jacksonville","1089"
"Jacksonville State University","Jacksonville St.","jacksonville-st","1087"
"James Madison University","James Madison","james-madison","1091"
"John Carroll University","John Carroll","john-carroll","1093"
"John Jay College of Criminal Justice","John Jay","john-jay","1095"
"Johns Hopkins University","Johns Hopkins","johns-hopkins","1097"
"Johnson C. Smith University","Johnson C. Smith","johnson-c-smith","1101"
"Johnson State College","Johnson St.","johnson-st","1103"
"Johnson and Wales University","Johnson & Wales (RI)","johnson-wales-ri","1099"
"Juniata College","Juniata","juniata","1105"
"Kalamazoo College","Kalamazoo","kalamazoo","1107"
"University of Kansas","Kansas","kansas","2113"
"Kansas State University","Kansas St.","kansas-st","1109"
"Kean University","Kean","kean","1111"
"Keene State College","Keene St.","keene-st","1113"
"Kennesaw State University","Kennesaw St.","kennesaw-st","1115"
"Kent State University","Kent St.","kent-st","1117"
"University of Kentucky","Kentucky","kentucky","2115"
"Kentucky State University","Kentucky St.","kentucky-st","1119"
"Kenyon College","Kenyon","kenyon","1123"
"Keuka College","Keuka","keuka","1125"
"Keystone College","Keystone","keystone","1127"
"King University","King (TN)","king-tn","1129"
"King's College","King's (PA)","kings-pa","1131"
"Knox College","Knox","knox","1133"
"Kutztown University","Kutztown","kutztown","1135"
"Kentucky Wesleyan College","Ky. Wesleyan","ky-wesleyan","1121"
"University of Louisiana at Lafayette","La.-Lafayette","la-lafayette","2119"
"University of Louisiana at Monroe","La.-Monroe","la-monroe","2121"
"La Roche College","La Roche","la-roche","1139"
"La Salle University","La Salle","la-salle","1141"
"La Sierra University","La Sierra","la-sierra","1143"
"University of La Verne","La Verne","la-verne","2117"
"Lafayette College","Lafayette","lafayette","1145"
"LaGrange College","LaGrange","lagrange","1137"
"Lake Erie College","Lake Erie","lake-erie","1147"
"Lake Forest College","Lake Forest","lake-forest","1149"
"Lake Superior State University","Lake Superior St.","lake-superior-st","1151"
"Lakeland College","Lakeland","lakeland","1153"
"Lamar University","Lamar","lamar","1155"
"Lambuth University","Lambuth","lambuth","1157"
"Lancaster Bible College","Lancaster Bible","lancaster-bible","1159"
"Lander University","Lander","lander","1161"
"Lane College","Lane","lane","1163"
"Langston University","Langston","langston","1165"
"Lasell College","Lasell","lasell","1167"
"Lawrence University","Lawrence","lawrence","1169"
"Le Moyne College","Le Moyne","le-moyne","1171"
"Lebanon Valley College","Lebanon Valley","lebanon-valley","1173"
"Lee University","Lee ","lee","27359"
"Lees-McRae College","Lees-McRae","lees-mcrae","1175"
"Lehigh University","Lehigh","lehigh","1177"
"Lehman College","Lehman","lehman","1179"
"LeMoyne-Owen College","LeMoyne-Owen","lemoyne-owen","1181"
"Lenoir-Rhyne University","Lenoir-Rhyne","lenoir-rhyne","1183"
"Lesley University","Lesley","lesley","1185"
"LeTourneau University","LeTourneau","letourneau","1187"
"Lewis University","Lewis","lewis","1191"
"Lewis & Clark College","Lewis & Clark","lewis-clark","1189"
"Lewis-Clark St.","Lewis-Clark St.","lewis-clark-st","1193"
"Liberty University","Liberty","liberty","1195"
"Limestone College","Limestone","limestone","1197"
"Lincoln Christian College & Seminary","Lincoln Christian","lincoln-christian","1199"
"Lincoln Memorial University","Lincoln Memorial","lincoln-memorial","1201"
"Lincoln University (Mo.) ","Lincoln (MO)","lincoln-mo","1203"
"The Lincoln University (Pa.)","Lincoln (PA)","lincoln-pa","1205"
"Lindenwood University","Lindenwood","lindenwood-mo","1207"
"Linfield College","Linfield","linfield","1209"
"Lipscomb University","Lipscomb","lipscomb","1211"
"LIU Post","LIU Post","liu-post","543"
"Livingstone College","Livingstone","livingstone","1213"
"Lock Haven University","Lock Haven","lock-haven","1215"
"Long Beach State University","Long Beach St.","long-beach-st","1217"
"Long Island University-Brooklyn","Long Island","long-island","1219"
"Longwood University","Longwood","longwood","1221"
"Loras College","Loras","loras","1223"
"Louisiana College","Louisiana Col.","louisiana-col","1225"
"Louisiana Tech University","Louisiana Tech","louisiana-tech","1229"
"University of Louisville","Louisville","louisville","2123"
"Loyola University Chicago","Loyola (IL)","loyola-chicago","1233"
"Loyola University Maryland","Loyola Maryland","loyola-maryland","1235"
"Loyola Marymount University","Loyola Marymount","loyola-marymount","1231"
"Louisiana State University","LSU","lsu","1227"
"Lubbock Christian University","Lubbock Christian","lubbock-christian","27361"
"Luther College","Luther","luther","1237"
"Lycoming College","Lycoming","lycoming","1239"
"University of Lynchburg ","Lynchburg","lynchburg","1241"
"Lyndon State College","Lyndon St.","lyndon-st","1243"
"Lynn University","Lynn","lynn","1245"
"Macalester College","Macalester","macalester","1247"
"MacMurray College","MacMurray","macmurray","1249"
"University of Maine","Maine","maine","2129"
"Maine Maritime Academy","Maine Maritime","maine-maritime","1251"
"Malone University","Malone","malone","1253"
"Manchester University","Manchester","manchester","1255"
"Manhattan College","Manhattan","manhattan","1257"
"Manhattanville College","Manhattanville","manhattanville","1259"
"Mansfield Univ. of Pennsylvania","Mansfield","mansfield","1261"
"Maranatha Baptist University","Maranatha Baptist","maranatha-baptist","1263"
"Marian University ","Marian (WI)","marian-wi","1265"
"Marietta College","Marietta","marietta","1267"
"Marist College","Marist","marist","1269"
"Marquette University","Marquette","marquette","1271"
"Mars Hill University","Mars Hill","mars-hill","1273"
"Marshall University","Marshall","marshall","1275"
"Martin Luther College","Martin Luther","martin-luther","1277"
"University of Mary","Mary","mary","2131"
"Mary Baldwin University ","Mary Baldwin","mary-baldwin","1279"
"University of Mary Hardin-Baylor","Mary Hardin-Baylor","mary-hardin-baylor","2133"
"University of Mary Washington","Mary Washington","mary-washington","2135"
"University of Maryland-College Park","Maryland","maryland","2139"
"Marymount University","Marymount (VA)","marymount-va","1281"
"Maryville University of Saint Louis","Maryville (MO)","maryville-mo","1285"
"Maryville College ","Maryville (TN)","maryville-tn","1283"
"Marywood University","Marywood","marywood","1287"
"Massachusetts Maritime Academy","Mass. Maritime","mass-maritime","1293"
"University of Massachusetts","Mass-Amherst ","massachusetts","2145"
"McDaniel College","McDaniel","mcdaniel","1295"
"McKendree University","McKendree","mckendree","1297"
"Massachusetts College of Liberal Arts","Mass-Liberal-Arts ","mcla","1289"
"McMurry University","McMurry","mcmurry","1299"
"McNeese State University","McNeese St.","mcneese-st","1301"
"University of Maryland, Eastern Shore","Md.-East. Shore","md-east-shore","2141"
"University of Maine, Farmington","Me.-Farmington","me-farmington","2127"
"University of Maine at Presque Isle","Me.-Presque Isle","me-presque-isle","2125"
"Medaille College","Medaille","medaille","1303"
"Medgar Evers College","Medgar Evers","medgar-evers","1305"
"University of Memphis","Memphis","memphis","2151"
"Menlo College","Menlo","menlo","1307"
"Mercer University","Mercer","mercer","1309"
"U.S. Merchant Marine Academy","Merchant Marine","merchant-marine","2001"
"Mercy College","Mercy","mercy","1311"
"Mercyhurst College","Mercyhurst","mercyhurst","1313"
"Meredith College","Meredith","meredith","1315"
"Merrimack College","Merrimack","merrimack","1317"
"Messiah College","Messiah","messiah","1321"
"Methodist University","Methodist","methodist","1323"
"Metropolitan St. University of Denver","Metro St.","metro-st","1325"
"University of Miami","Miami (Fla.)","miami-fl","2153"
"Miami University (Ohio)","Miami (OH)","miami-oh","1327"
"University of Michigan","Michigan","michigan","2155"
"Michigan State University","Michigan St.","michigan-st","17"
"Michigan Technological University","Michigan Tech","michigan-tech","1329"
"Middle Tennessee State University","Middle Tenn.","middle-tenn","1331"
"Middlebury College","Middlebury","middlebury","1333"
"Midwestern State University","MSU Texas ","midwestern-st","1335"
"Miles College","Miles","miles","1337"
"Millersville University","Millersville","millersville","1339"
"Millikin University","Millikin","millikin","1341"
"Mills College","Mills","mills","1343"
"Millsaps College","Millsaps","millsaps","1345"
"University of Wisconsin, Milwaukee","Milwaukee","milwaukee","2351"
"University of Minnesota-Crookston","Minn.-Crookston","minn-crookston","2159"
"University of Minnesota-Duluth","Minn. Duluth","minn-duluth","2157"
"University of Minnesota-Morris","Minn.-Morris","minn-morris","2161"
"Minnesota State University-Mankato","Minn. St. Mankato","minn-st-mankato","1351"
"Minnesota State Univ.-Moorhead","Minn. St. Moorhead","minn-st-moorhead","1349"
"University of Minnesota","Minnesota","minnesota","2163"
"Minot State University","Minot St.","minot-st","1353"
"Misericordia University","Misericordia","misericordia","1355"
"Mississippi College","Mississippi Col.","mississippi-col","1357"
"Mississippi State University","Mississippi St.","mississippi-st","1359"
"Mississippi Valley State University","Mississippi Val.","mississippi-val","1361"
"University of Missouri","Missouri","missouri","2167"
"Missouri S&T","Missouri S&T","missouri-snt","1367"
"Missouri State University","Missouri St.","missouri-st","1365"
"MIT","MIT","mit","1291"
"Mitchell College","Mitchell","mitchell","1371"
"Missouri Southern St. University","Mo. Southern St.","mo-southern-st","1363"
"University of Missouri-St. Louis","Mo.-St. Louis","mo-st-louis","2171"
"Missouri Western St. University","Mo. Western St.","mo-western-st","1369"
"Molloy College","Molloy","molloy","1373"
"Monmouth University","Monmouth","monmouth","1377"
"Monmouth College","Monmouth (IL)","monmouth-il","1375"
"Montana St. University Billings","Mont. St. Billings","mont-st-billings","1379"
"University of Montana","Montana","montana","2173"
"Montana State University-Bozeman","Montana St.","montana-st","1381"
"Montclair State University","Montclair St.","montclair-st","1383"
"University of Montevallo","Montevallo","montevallo","2175"
"Moravian College","Moravian","moravian","1385"
"Morehead State University","Morehead St.","morehead-st","1387"
"Morehouse College","Morehouse","morehouse","1389"
"Morgan State University","Morgan St.","morgan-st","1391"
"Morningside College","Morningside","morningside","1393"
"Morris Brown College","Morris Brown","morris-brown","1395"
"Morrisville State College","Morrisville St.","morrisville-st","1397"
"Mount Holyoke College","Mount Holyoke","mount-holyoke","1401"
"Mount Ida College","Mount Ida","mount-ida","1403"
"Mount Olive College","Mount Olive","mount-olive","1407"
"Mount Union College","Mount Union","mount-union","1413"
"Milwaukee School of Engineering","Milwaukee Engr.","msoe","1347"
"Mount Aloysius College","Mt. Aloysius","mt-aloysius","1399"
"Mount Mary College","Mt. Mary","mt-mary","1405"
"Mount St. Joseph University","Mount St. Joseph ","mt-st-joseph","691"
"Mount Saint Mary College ","Mt. St. Mary (NY)","mt-st-mary-ny","1409"
"Mount St. Mary's University","Mt. St. Mary's","mt-st-marys","1411"
"College of Mount Saint Vincent","Mt. St. Vincent","mt-st-vincent","693"
"Muhlenberg College","Muhlenberg","muhlenberg","1415"
"Murray State University","Murray St.","murray-st","1417"
"Muskingum University","Muskingum","muskingum","1419"
"U.S. Naval Academy","Navy","navy","2005"
"Nazareth College","Nazareth","nazareth","1421"
"North Carolina A&T State University","North Carolina A&T","nc-at","1457"
"North Carolina Central University","North Carolina Central","nc-central","1459"
"North Carolina Wesleyan College","North Carolina Wesleyan ","nc-wesleyan","1463"
"University of Nebraska-Kearney","Neb.-Kearney","neb-kearney","2177"
"University of Nebraska-Omaha","Omaha","neb-omaha","2179"
"Nebraska Wesleyan University","Neb. Wesleyan","neb-wesleyan","1423"
"University of Nebraska","Nebraska","nebraska","2181"
"Neumann University","Neumann","neumann","1425"
"University of Nevada","Nevada","nevada","2183"
"New England College","New England Col.","new-england-col","1427"
"University of New Hampshire","New Hampshire","new-hampshire","2189"
"University of New Haven","New Haven","new-haven","2191"
"New Jersey City University","New Jersey City","new-jersey-city","1429"
"University of New Mexico","New Mexico","new-mexico","2193"
"New Mexico State University","New Mexico St.","new-mexico-st","1435"
"University of New Orleans","New Orleans","new-orleans","2195"
"College of New Rochelle","New Rochelle","new-rochelle","695"
"New York University","New York U.","new-york-u","1441"
"Newberry College","Newberry","newberry","1443"
"Newbury College","Newbury","newbury","1445"
"Newman University","Newman","newman","1447"
"Niagara University","Niagara","niagara","1449"
"Nicholls State University","Nicholls St.","nicholls-st","1451"
"Nichols College","Nichols","nichols","1453"
"New Jersey Institute of Technology","New-Jersey-Tech","njit","1431"
"New Mexico Highlands University","New-Mexico-Highlands ","nm-highlands","1433"
"Norfolk State University","Norfolk St.","norfolk-st","1455"
"University of North Alabama","North Ala.","north-ala","2197"
"University of North Carolina","North Carolina","north-carolina","2205"
"North Carolina State University","North Carolina St.","north-carolina-st","1461"
"North Central College","North Central (IL)","north-central-il","1465"
"North Central University","North Central (MN)","north-central-mn","1467"
"University of North Dakota","North Dakota","north-dakota","2211"
"North Dakota State University","North Dakota St.","north-dakota-st","1469"
"University of North Florida","North Florida","north-florida","2213"
"University of North Georgia","North Ga.","north-georgia","1471"
"North Greenville University","North Greenville","north-greenville","1473"
"North Park University","North Park","north-park","1475"
"University of North Texas","North Texas","north-texas","2215"
"Northeastern University","Northeastern","northeastern","1481"
"Northeastern Illinois","Northeastern Ill.","northeastern-ill","1477"
"Northeastern State University","Northeastern St.","northeastern-st","1479"
"Northern Arizona University","Northern Ariz.","northern-ariz","1483"
"University of Northern Colorado","Northern Colo.","northern-colo","2217"
"Northern Illinois University","Northern Ill.","northern-ill","1485"
"Northern Kentucky University","Northern Ky.","northern-ky","1487"
"Northern Michigan University","Northern Mich.","northern-mich","1489"
"Northern State University","Northern St.","northern-st","1491"
"Northland College","Northland","northland","1493"
"Northwest Missouri State University","Northwest Mo. St.","northwest-mo-st","1495"
"Northwest Nazarene University","Northwest Nazarene","northwest-nazarene","1497"
"Northwestern University","Northwestern","northwestern","1503"
"Northwestern Oklahoma State Univ.","Northwestern Oklahoma","northwestern-okla","27367"
"Northwestern State University","Northwestern St.","northwestern-st","1501"
"University of Northwestern-St. Paul","Northwestern-St. Paul","northwestern-st-paul","1499"
"Northwood University (Michigan) ","Northwood (MI)","northwood-mi","1505"
"Norwich University","Norwich","norwich","1507"
"University of Notre Dame","Notre Dame","notre-dame","2221"
"Notre Dame de Namur","Notre Dame de Namur","notre-dame-de-namur","1511"
"Notre Dame of Maryland University","Notre Dame (MD)","notre-dame-md","697"
"Notre Dame College (Ohio)","Notre Dame (OH)","notre-dame-oh","1509"
"Nova Southeastern University","Nova Southeastern","nova-southeastern","1513"
"Nyack College","Nyack","nyack","1515"
"New York Institute of Technology","New-York-Inst ","nyit","1439"
"Oakland University","Oakland","oakland","1519"
"Oakland City University","Oakland City","oakland-city","1517"
"Oberlin College","Oberlin","oberlin","1521"
"Occidental College","Occidental","occidental","1523"
"Oglethorpe University","Oglethorpe","oglethorpe","1525"
"Ohio University","Ohio","ohio","1531"
"Ohio Dominican University","Ohio Dominican","ohio-dominican","1527"
"Ohio Northern University","Ohio Northern","ohio-northern","1529"
"The Ohio State University","Ohio St.","ohio-st","1961"
"Ohio Valley University","Ohio Valley","ohio-valley","1533"
"Ohio Wesleyan University","Ohio Wesleyan","ohio-wesleyan","1535"
"","Oklahoma Baptist University","okla-baptist","43825"
"Oklahoma Christian University","Oklahoma Christian","okla-christian","27371"
"Oklahoma Panhandle State Univ.","Oklahoma Panhandle","okla-panhandle","1537"
"University of Oklahoma","Oklahoma","oklahoma","2223"
"Oklahoma State University","Oklahoma St.","oklahoma-st","1539"
"Old Dominion University","Old Dominion","old-dominion","1541"
"SUNY, Old Westbury","Suny-Old-Westbury ","old-westbury","1871"
"University of Mississippi","Mississippi","ole-miss","2165"
"Olivet College","Olivet","olivet","1543"
"SUNY Oneonta","SUNY Oneonta","oneonta-st","1873"
"Oral Roberts University","Oral Roberts","oral-roberts","1545"
"University of Oregon","Oregon","oregon","2225"
"Oregon State University","Oregon State","oregon-st","1547"
"SUNY, Oswego","Suny-Oswego","oswego-st","1883"
"Otterbein University","Otterbein","otterbein","1549"
"Ouachita Baptist University","Ouachita Baptist","ouachita-baptist","1551"
"University of the Ozarks","Ozarks (AR)","ozarks-ar","2317"
"Pace University","Pace","pace","1553"
"University of the Pacific","Pacific","pacific","2319"
"Pacific Lutheran University","Pacific Lutheran","pacific-lutheran","1555"
"Pacific University","Pacific (OR)","pacific-or","1557"
"Paine College","Paine","paine","1559"
"Palm Beach Atlantic University","Palm Beach Atl.","palm-beach-atl","1561"
"University of Pennsylvania","Penn","penn","2227"
"Penn State University","Penn State","penn-st","1575"
"Penn State Abington","Penn St.-Abington","penn-st-abington","1569"
"Penn State Altoona","Penn St.-Altoona","penn-st-altoona","1571"
"Penn State Behrend","Penn St.-Behrend","penn-st-behrend","1573"
"Penn State Berks College","Penn St.-Berks","penn-st-berks","1565"
"Penn State Harrisburg","Penn St.-Harrisburg","penn-st-harrisburg","1567"
"Penn College of Technology","Penn College","penn-tech","27373"
"Pepperdine University","Pepperdine","pepperdine","1577"
"Pfeiffer University","Pfeiffer","pfeiffer","1579"
"Thomas Jefferson University ","Jefferson University ","philadelphia-u","1583"
"Piedmont College","Piedmont","piedmont","1585"
"Pine Manor College","Pine Manor","pine-manor","1587"
"University of Pittsburgh, Bradford","Pitt.-Bradford","pitt-bradford","2231"
"University of Pittsburgh-Greensburg","Pitt.-Greensburg","pitt-greensburg","2233"
"University of Pittsburgh-Johnstown","Pitt.-Johnstown","pitt-johnstown","2235"
"Pittsburg State University","Pittsburg State","pittsburg-st","1589"
"University of Pittsburgh","Pittsburgh","pittsburgh","2229"
"Plattsburgh State University","Plattsburgh State","plattsburgh-st","1591"
"Plymouth State University","Plymouth St.","plymouth-st","1593"
"Point Loma ","Point Loma","point-loma","27375"
"NYU Poly","NYU Poly","polytechnic-ny","1595"
"Pomona-Pitzer Colleges","Pomona-Pitzer","pomona-pitzer","11"
"University of Portland","Portland","portland","2237"
"Portland State University","Portland St.","portland-st","1597"
"Post University","Post","post","1599"
"University of Puerto Rico-Bayamon","P.R.-Bayamon","pr-bayamon","2239"
"University of Puerto Rico, Cayey","P.R.-Cayey","pr-cayey","2241"
"University of Puerto Rico, Humacao","P.R.-Humacao","pr-humacao","2243"
"University of Puerto Rico-Mayaguez Campus","P.R.-Mayaguez","pr-mayaguez","2245"
"University of Puerto Rico-Rio Piedras","P.R.-Rio Piedras","pr-rio-piedras","2247"
"Prairie View A&M University","Prairie View","prairie-view","1601"
"Presbyterian College","Presbyterian","presbyterian","1603"
"Presentation College","Presentation","presentation","1605"
"Princeton University","Princeton","princeton","1607"
"Principia College","Principia","principia","1609"
"Providence College","Providence","providence","1611"
"University of Puget Sound","Puget Sound","puget-sound","2249"
"Purchase College-SUNY","Purchase","purchase-st","1613"
"Purdue University","Purdue","purdue","1615"
"Queens University of Charlotte","Queens (NC)","queens-nc","1619"
"Queens College","Queens (NY)","queens-ny","1617"
"Quincy University","Quincy","quincy","1621"
"Quinnipiac University","Quinnipiac","quinnipiac","1623"
"Radford University","Radford","radford","1625"
"Ramapo College","Ramapo","ramapo","1627"
"Randolph College","Randolph","randolph","1629"
"Randolph-Macon College","Randolph-Macon","randolph-macon","1631"
"University of Redlands","Redlands","redlands","2251"
"Regis University","Regis (CO)","regis-co","1635"
"Regis College","Regis College","regis-ma","1633"
"Reneau University","Reneau University","reneau-university","1637"
"Rensselaer Polytechnic Institute","Rensselaer","rensselaer","1639"
"University of Rhode Island","Rhode Island","rhode-island","2253"
"Rhode Island College","Rhode Island Col.","rhode-island-col","1641"
"Rhodes College","Rhodes","rhodes","1643"
"Rice University","Rice","rice","1645"
"Stockton University","Stockton","richard-stockton","1647"
"University of Richmond","Richmond","richmond","2255"
"Rider University","Rider","rider","1649"
"Ripon College","Ripon","ripon","1651"
"Rivier College","Rivier","rivier","1653"
"Roanoke College","Roanoke","roanoke","1655"
"Robert Morris University","Robert Morris","robert-morris","1657"
"Roberts Wesleyan College","Roberts Wesleyan","roberts-wesleyan","27379"
"Rochester Institute of Technology","Rochester Inst.","rochester-inst","1659"
"University of Rochester","Rochester (NY)","rochester-ny","2257"
"Rockford College","Rockford","rockford","1661"
"Rockhurst University","Rockhurst","rockhurst","1663"
"Roger Williams University","Roger Williams","roger-williams","1665"
"Rogers State University","Rogers State","rogers-st","27381"
"Rollins College","Rollins","rollins","1667"
"Rose-Hulman Institute of Technology","Rose-Hulman","rose-hulman","1669"
"Rosemont College","Rosemont","rosemont","1671"
"Rowan University","Rowan","rowan","1673"
"Rust College","Rust","rust","1675"
"Rutgers University","Rutgers","rutgers","1677"
"Rutgers University, Camden","Rutgers-Camden","rutgers-camden","1679"
"Rutgers University, Newark","Rutgers-Newark","rutgers-newark","1681"
"Sacramento State University","Sacramento St.","sacramento-st","577"
"Sacred Heart University","Sacred Heart","sacred-heart","1683"
"The Sage Colleges","Sage Colleges","sage-colleges","1963"
"Saginaw Valley State University","Saginaw Valley","saginaw-valley","1685"
"St. John's University (Minn.) ","St. John's (MN)","saint-johns-mn","1833"
"Saint Joseph's University","St. Joseph's","saint-josephs","1695"
"Saint Leo University","St. Leo","saint-leo","1697"
"Saint Louis University","St. Louis","saint-louis","1699"
"Saint Martin's University","Saint-Martins ","saint-martins","1845"
"Saint Michael's College","St. Michael's","saint-michaels","1705"
"The College of Saint Rose","St. Rose","saint-rose","1957"
"Saint Vincent College","St. Vincent","saint-vincent","1707"
"Salem College","Salem","salem","1709"
"Salem University","Salem University","salem-intl","1711"
"Salem State University","Salem St.","salem-st","1713"
"Salisbury University","Salisbury","salisbury","1715"
"Salve Regina University","Salve Regina","salve-regina","1717"
"Sam Houston State University","Sam Houston St.","sam-houston-st","1719"
"Samford University","Samford","samford","1721"
"University of San Diego","San Diego","san-diego","2259"
"San Diego State University","San Diego St.","san-diego-st","1723"
"San Francisco State University","San Fran. St.","san-fran-st","1725"
"University of San Francisco","San Francisco","san-francisco","2261"
"San Jose State University","San Jose St.","san-jose-st","1727"
"Santa Clara University","Santa Clara","santa-clara","1729"
"Sarah Lawrence College","Sarah Lawrence","sarah-lawrence","27387"
"Savannah State University","Savannah St.","savannah-st","1733"
"University of South Carolina Aiken","South-Carolina-Aiken","sc-aiken","2269"
"Savannah College of Art & Design","SCAD","scad","1731"
"Schreiner University","Schreiner","schreiner","1735"
"University of Scranton","Scranton","scranton","2263"
"Seattle University","Seattle","seattle","1739"
"Seattle Pacific University","Seattle Pacific","seattle-pacific","1737"
"Seton Hall University","Seton Hall","seton-hall","1741"
"Seton Hill University","Seton Hill","seton-hill","1743"
"The University of the South","Sewanee","sewanee","2323"
"Shaw University","Shaw","shaw","1745"
"Shenandoah University","Shenandoah","shenandoah","1747"
"Shepherd University","Shepherd","shepherd","1749"
"Shippensburg University","Shippensburg","shippensburg","1751"
"Shorter University","Shorter","shorter","27389"
"Siena College","Siena","siena","1753"
"Simmons College","Simmons","simmons","1755"
"Simon Fraser University","Simon Fraser","simon-fraser","1757"
"Simpson College","Simpson","simpson","1759"
"University of Sioux Falls","Sioux Falls","sioux-falls","2265"
"Southern Illinois Univ.-Edwardsville ","SIUE","siu-edwardsville","1789"
"Skidmore College","Skidmore","skidmore","1761"
"Slippery Rock University","Slippery Rock","slippery-rock","1763"
"Smith College","Smith","smith","1765"
"Southern Methodist University","SMU","smu","1791"
"Sonoma State University","Sonoma St.","sonoma-st","1767"
"University of South Alabama","South Ala.","south-ala","2267"
"University of South Carolina","South Carolina","south-carolina","2273"
"South Carolina State University","South Carolina St.","south-carolina-st","1769"
"University of South Dakota","South Dakota","south-dakota","2275"
"South Dakota (Mines)","South Dakota Mines","south-dakota-mines","1771"
"South Dakota State University","South Dakota St.","south-dakota-st","1773"
"University of South Florida","South Fla.","south-fla","2277"
"Southampton Campus of LIU","Southampton","southampton","1775"
"Southeast Missouri State University","Southeast Mo. St.","southeast-mo-st","1777"
"Southeastern Louisiana University","Southeastern La.","southeastern-la","1779"
"Southeastern Oklahoma State Univ.","Southeastern Okla.","southeastern-okla","1781"
"Southern Arkansas University","Southern Ark.","southern-ark","1783"
"University of Southern California","Southern California","southern-california","2279"
"Southern Connecticut St. University","Southern Conn. St.","southern-conn-st","1785"
"Southern Illinois University","Southern Ill.","southern-ill","1787"
"University of Southern Indiana","Southern Ind.","southern-ind","2281"
"University of Southern Maine","Southern Me.","southern-me","2283"
"The University of Southern Mississippi","Southern Miss.","southern-miss","2285"
"Southern Nazarene University","Southern Nazarene","southern-nazarene","27391"
"Southern New Hampshire University","Southern N.H.","southern-nh","1793"
"Southern University","Southern U.","southern-u","1795"
"Southern Utah University","Southern Utah","southern-utah","1797"
"Southern Virginia University","Southern Virginia","southern-va","27393"
"Southern Vermont College","Southern Vt.","southern-vt","1799"
"Southern Wesleyan University","Southern Wesleyan","southern-wesleyan","27395"
"Southwest Baptist University","Southwest Baptist","southwest-baptist","1801"
"Southwest Minnesota St. University","Southwest Minn. St.","southwest-minn-st","1803"
"Southwestern Oklahoma State Univ.","Southwestern Okla.","southwestern-okla","1805"
"Southwestern University","Southwestern (TX)","southwestern-tx","1807"
"Spalding University","Spalding","spalding","1809"
"Spelman College","Spelman","spelman","1811"
"Spring Hill College","Spring Hill","spring-hill","27397"
"Springfield College","Springfield","springfield","1813"
"St. Andrews Presbyterian College","St. Andrews","st-andrews","1815"
"Saint Anselm College","St. Anselm","st-anselm","1687"
"St. Augustine's University","St. Augustine's","st-augustines","1817"
"College of Saint Benedict","Saint Benedict","st-benedict","701"
"St. Bonaventure University","St. Bonaventure","st-bonaventure","1819"
"St. Catherine University","St. Catherine","st-catherine","1821"
"St. Cloud State University","St. Cloud State","st-cloud-st","1823"
"St. Edward's University","St. Edward's","st-edwards","1825"
"College of Saint Elizabeth","St. Elizabeth","st-elizabeth","699"
"University of St. Francis (Ill.)","St. Francis (IL)","st-francis-il","1827"
"St. Francis College Brooklyn","St. Francis Brooklyn","st-francis-ny","1829"
"Saint Francis University","St. Francis (PA)","st-francis-pa","1689"
"St. John Fisher College","St. John Fisher","st-john-fisher","1831"
"St. John's University (N.Y.) ","St. John's (NY)","st-johns-ny","1835"
"University of Saint Joseph (Conn.)","St. Joseph (CT)","st-joseph-ct","1837"
"St. Joseph's College (Brooklyn)","St. Joseph's (Brkln)","st-josephs-brkln","1839"
"Saint Joseph's College (Ind.) ","St. Joseph's (IN)","st-josephs-in","1691"
"St. Joseph's College (Long Island)","St. Joseph's (L.I.)","st-josephs-li","1841"
"Saint Joseph's College (Maine)","St. Joseph's (Me.)","st-josephs-me","1693"
"St. Lawrence University","St. Lawrence","st-lawrence","1843"
"St. Mary's College (CA)","Saint-Mary's (CA)","st-marys-ca","1847"
"Saint Mary's College (IN)","Saint-Mary's (IN)","st-marys-in","1701"
"St. Mary's College (MD)","Saint-Mary's (MD)","st-marys-md","1849"
"Saint Mary's University (Minn.)","Saint Mary's (Minn.)","st-marys-mn","1703"
"St. Mary's University (Texas) ","St. Mary's (TX)","st-marys-tx","1851"
"St. Norbert College","St. Norbert","st-norbert","1853"
"St. Olaf College","St. Olaf","st-olaf","1855"
"St. Paul's College","St. Paul's","st-pauls","1857"
"Saint Peter's University ","Saint Peter's ","st-peters","1859"
"College of St. Scholastica","St. Scholastica","st-scholastica","1959"
"St. Thomas Aquinas College","St. Thomas Aquinas","st-thomas-aquinas","1863"
"St. Thomas University","St. Thomas (FL)","st-thomas-fl","1861"
"University of St. Thomas (Minn.)","St. Thomas (MN)","st-thomas-mn","2287"
"","null","St. Cloud","38101"
"Stanford University","Stanford","stanford","1865"
"College of Staten Island","Staten Island","staten-island","703"
"Stephen F. Austin State University","Stephen F. Austin","stephen-f-austin","1891"
"Stephens College","Stephens","stephens","1893"
"Stetson University","Stetson","stetson","1895"
"Stevens Institute of Technology","Stevens Tech ","stevens","1897"
"Stevenson University","Stevenson","stevenson","1899"
"Stillman College","Stillman","stillman","1901"
"Stonehill College","Stonehill","stonehill","1903"
"Stony Brook University","Stony Brook","stony-brook","1905"
"Suffolk University","Suffolk","suffolk","1907"
"Sul Ross State University","Sul Ross St.","sul-ross-st","1909"
"SUNY Canton","SUNY Canton","suny-canton","27343"
"SUNY, Cortland","SUNY Cortland","suny-cortland","1877"
"SUNY, Geneseo","SUNY Geneseo","suny-geneseo","1881"
"SUNY Maritime College","SUNY Maritime","suny-maritime","1889"
"SUNY New Paltz","SUNY New Paltz","suny-new-paltz","1869"
"SUNY, Potsdam","SUNY Potsdam","suny-potsdam","1885"
"SUNY Polytechnic Institute","SUNY Poly","sunyit","1887"
"Susquehanna University","Susquehanna","susquehanna","1911"
"Swarthmore College","Swarthmore","swarthmore","1913"
"Sweet Briar College","Sweet Briar","sweet-briar","1915"
"Syracuse University","Syracuse","syracuse","1917"
"University of Tampa","Tampa","tampa","2289"
"Tarleton State University","Tarleton St.","tarleton-st","1919"
"The College of New Jersey","TCNJ","tcnj","1955"
"Texas Christian University","TCU","tcu","1937"
"Temple University","Temple","temple","1921"
"University of Tennessee","Tennessee","tennessee","2295"
"Tennessee State University","Tennessee St.","tennessee-st","1923"
"Tennessee Technological University","Tennessee Tech","tennessee-tech","1925"
"Texas A&M-Commerce","Tex. A&M-Commerce","tex-am-commerce","1931"
"Texas A&M International University","Tex. A&M Int'l","tex-am-intl","1927"
"Texas A&M-Kingsville","Tex. A&M-Kingsville","tex-am-kingsville","1935"
"Texas of the Permian Basin","Texas of the Permian Basin","tex-permian-basin","2309"
"University of Texas","Texas","texas","2299"
"Texas A&M University","Texas A&M","texas-am","1929"
"University of Texas at Arlington","Texas at Arlington","texas-arlington","2297"
"University of Texas at Dallas","Texas at Dallas","texas-dallas","2301"
"Texas Lutheran University","Texas Lutheran","texas-lutheran","1939"
"Texas Southern University","Texas Southern","texas-southern","1941"
"Texas State University","Texas St.","texas-st","1943"
"Texas Tech University","Texas Tech","texas-tech","1945"
"University of Texas at Tyler","Texas at Tyler","texas-tyler","2307"
"Texas Wesleyan University","Texas Wesleyan","texas-wesleyan","1947"
"Texas Woman's University","Texas Woman's","texas-womans","1949"
"Thiel College","Thiel","thiel","1965"
"Thomas College","Thomas (ME)","thomas-me","1967"
"Thomas More College","Thomas More","thomas-more","1969"
"Tiffin University","Tiffin","tiffin","1971"
"University of Toledo","Toledo","toledo","2325"
"Towson University","Towson","towson","1973"
"Transylvania University","Transylvania","transylvania","1975"
"Trevecca Nazarene University","Trevecca Nazarene","trevecca-nazarene","27403"
"Trine University","Trine","trine","1977"
"Trinity College (CT)","Trinity (CT)","trinity-ct","1979"
"Trinity University (Texas)","Trinity (TX)","trinity-tx","1983"
"Trinity Washington University","Trinity Washington","trinity-washington","1981"
"Troy University","Troy","troy","1985"
"Truman State University","Truman","truman","1987"
"Tufts University","Tufts","tufts","1989"
"Tulane University","Tulane","tulane","1991"
"The University of Tulsa","Tulsa","tulsa","2327"
"Tusculum College","Tusculum","tusculum","1993"
"Tuskegee University","Tuskegee","tuskegee","1995"
"University of New England","New-England ","u-new-england","2187"
"UAB","UAB","uab","2015"
" Little Rock","Little-Rock ","ualr","2031"
"Univ. of Colorado-Colorado Springs","Colo-Springs","uc-colo-springs","2069"
"UC Davis","UC Davis","uc-davis","2041"
"UC Irvine","UC Irvine","uc-irvine","2043"
"UC Riverside","UC Riverside","uc-riverside","2047"
"UC San Diego","UC San Diego","uc-san-diego","2049"
"UC Santa Barbara","UC Santa Barbara","uc-santa-barbara","2051"
"UC Santa Cruz","UC Santa Cruz","uc-santa-cruz","2053"
"University of Central Florida","Central Florida","ucf","2057"
"UCLA","UCLA","ucla","2045"
"University of Connecticut","Connecticut","uconn","2071"
"UMass Boston","Mass.-Boston","umass-boston","2147"
"UMass Dartmouth","Mass.-Dartmouth","umass-dartmouth","2149"
"UMass Lowell","Mass.-Lowell","umass-lowell","2143"
"UMBC","Maryland-Baltimore-County ","umbc","2137"
"UMKC","UMKC","umkc","2169"
"UNC Asheville","UNC Asheville","unc-asheville","2203"
"UNC Greensboro","UNC Greensboro","unc-greensboro","2199"
"UNC Pembroke","UNC Pembroke","unc-pembroke","2201"
"UNC Wilmington","UNCW","unc-wilmington","2209"
"University of Northern Iowa","Northern Iowa","uni","2219"
"Union College (N.Y.) ","Union (NY)","union-ny","2007"
"Union University (Tenn.)","Union (Tenn.)","union-tn","27405"
"UNLV","UNLV","unlv","2185"
"Upper Iowa University","Upper Iowa","upper-iowa","2371"
"Urbana University","Urbana University","urbana","2373"
"Ursinus College","Ursinus","ursinus","2375"
"Ursuline College","Ursuline","ursuline","2377"
"University of South Carolina Upstate","South-Carolina-Upstate","usc-upstate","2271"
"Univ. of the Sciences in Philadelphia","University of the Sciences","usciences","2321"
"University of Tennessee at Martin","Tenn-Martin","ut-martin","2293"
"University of Utah","Utah","utah","2329"
"Utah State University","Utah St.","utah-st","2379"
"Utah Valley University","Utah Valley","utah-valley","2381"
"University of Texas at El Paso","Texas at El Paso","utep","2303"
"Utica College","Utica","utica","2383"
"University of Texas Rio Grande Valley ","Texas Rio Grande Valley ","utrgv","2311"
"University of Texas at San Antonio","Texas at San Antonio","utsa","2305"
"Virginia's College at Wise","Virginia-Wise","uva-wise","27409"
"Virginia Wesleyan College","Virg-Wesleyan","va-wesleyan","2405"
"Valdosta State University","Valdosta St.","valdosta-st","2385"
"University of Valley Forge","Valley Forge","valley-forge-chrst","27407"
"Valparaiso University","Valparaiso","valparaiso","2387"
"Vanderbilt University","Vanderbilt","vanderbilt","2389"
"Vassar College","Vassar","vassar","2391"
"Virginia Commonwealth University","VCU","vcu","2395"
"University of Vermont","Vermont","vermont","2331"
"Villanova University","Villanova","villanova","2393"
"University of Virginia","Virginia","virginia","2333"
"Virginia State University","Virginia St.","virginia-st","2401"
"Virginia Tech","Virginia Tech","virginia-tech","2399"
"Virginia Union University","Virginia Union","virginia-union","2403"
"Virginia Military Institute","VMI","vmi","2397"
"Wabash College","Wabash","wabash","2407"
"Wagner College","Wagner","wagner","2409"
"Wake Forest University","Wake Forest","wake-forest","2411"
"Walsh University","Walsh","walsh","2413"
"Wartburg College","Wartburg","wartburg","2415"
"Washington and Jefferson College","Wash. & Jeff.","wash-jeff","2421"
"Washington and Lee University","Wash. & Lee","wash-lee","2423"
"Washburn University of Topeka ","Washburn","washburn","2417"
"University of Washington","Washington","washington","2335"
"Washington Adventist University","Washington Adventist","washington-adventist","2419"
"Washington College ","Washington Col.","washington-col","2425"
"Washington State University","Washington St.","washington-st","2427"
"Washington University (Missouri)","Washington-St. Louis","washington-st-louis","2429"
"Wayne State University ","Wayne St. (MI)","wayne-st-mi","2433"
"Wayne State College ","Wayne St. (NE)","wayne-st-ne","2431"
"Waynesburg University","Waynesburg","waynesburg","2435"
"Weber State University","Weber St.","weber-st","2437"
"Webster University","Webster","webster","2439"
"Wellesley College","Wellesley","wellesley","2441"
"Wells College","Wells","wells","2443"
"Wentworth Institute of Technology","Wentworth Inst.","wentworth","2445"
"Wesley College","Wesley","wesley","2447"
"Wesleyan University","Wesleyan (CT)","wesleyan-ct","2451"
"Wesleyan College","Wesleyan (GA)","wesleyan-ga","2449"
"","null","West Virginia","38089"
"University of West Alabama","West Ala.","west-ala","2337"
"West Chester Univ. of Pennsylvania","West Chester","west-chester","2453"
"University of West Florida","West Fla.","west-florida","2339"
"University of West Georgia","West Ga.","west-ga","2341"
"West Liberty University","West Liberty","west-liberty","2455"
"West Texas A&M University","West Tex. A&M","west-tex-am","2457"
"West Virginia Univ. Inst. of Tech.","West Va. Tech","west-va-tech","2463"
"West Virginia Wesleyan College","West Va. Wesleyan","west-va-wesleyan","2465"
"West Virginia University","West Virginia","west-virginia","2461"
"West Virginia State University","West Virginia St.","west-virginia-st","2459"
"Western Carolina University","Western Caro.","western-caro","2467"
"Western Connecticut State University","Western Conn. St.","western-conn-st","2469"
"Western Illinois University","Western Ill.","western-ill","2471"
"Western Kentucky University","Western Ky.","western-ky","2473"
"Western Michigan University","Western Mich.","western-mich","2475"
"Western New England University","Western New Eng.","western-new-eng","2477"
"Western New Mexico University","Western N.M.","western-nm","2479"
"Western Oregon University","Western Ore.","western-ore","2481"
"Western State Colorado University ","Western St.","western-st","2483"
"Western Washington University","Western Wash.","western-wash","2485"
"Westfield State University","Westfield St.","westfield-st","2487"
"Westminster College (Mo.) ","Westminster (MO)","westminster-mo","2489"
"Westminster College (Pa.) ","Westminster (PA)","westminster-pa","2491"
"","Westminster College","westminster-ut","43707"
"Wheaton College (Ill.) ","Wheaton (IL)","wheaton-il","2493"
"Wheaton College (Mass.)","Wheaton (MA)","wheaton-ma","2495"
"Wheeling Jesuit University","Wheeling Jesuit","wheeling-jesuit","2497"
"Wheelock College","Wheelock","wheelock","2499"
"Whitman College","Whitman","whitman","2501"
"Whittier College","Whittier","whittier","2503"
"Whitworth University","Whitworth","whitworth","2505"
"Wichita State University","Wichita St.","wichita-st","2507"
"Widener University","Widener","widener","2509"
"Wilkes University","Wilkes","wilkes","2511"
"Willamette University","Willamette","willamette","2513"
"William Jewell College","William Jewell","william-jewell","2515"
"College of William and Mary","William & Mary","william-mary","707"
"William Peace University ","William Peace","william-peace","1563"
"William Penn College","William Penn","william-penn","2519"
"William Smith College","William Smith","william-smith","2521"
"Williams College","Williams","williams","2523"
"Wilmington University","Wilmington (DE)","wilmington-de","2527"
"Wilmington College","Wilmington (OH)","wilmington-oh","2525"
"Wilson College","Wilson","wilson","2529"
"Wingate University","Wingate","wingate","2531"
"Winona State University","Winona St.","winona-st","2533"
"Winston-Salem State University","Winston-Salem","winston-salem","2535"
"Winthrop University","Winthrop","winthrop","2537"
"University of Wisconsin-Eau Claire","Wis.-Eau Claire","wis-eau-claire","2343"
"University of Wisconsin-La Crosse","Wis.-La Crosse","wis-la-crosse","2347"
"Wisconsin Lutheran College","Wis. Lutheran","wis-lutheran","2539"
"University of Wisconsin-Oshkosh","Wis.-Oshkosh","wis-oshkosh","2353"
"University of Wisconsin, Parkside","Wis.-Parkside","wis-parkside","2355"
"University of Wisconsin-Platteville","Wis.-Platteville","wis-platteville","2357"
"University of Wisconsin-River Falls","Wis.-River Falls","wis-river-falls","2359"
"Univ. of Wisconsin-Stevens Point","Wis.-Stevens Point","wis-stevens-point","2361"
"University of Wisconsin-Stout","Wis.-Stout","wis-stout","2363"
"University of Wisconsin-Superior","Wis.-Superior","wis-superior","2365"
"University of Wisconsin-Whitewater","Wis.-Whitewater","wis-whitewater","2367"
"University of Wisconsin, Madison","Wisconsin","wisconsin","2349"
"","null","Wisconsin-Eau Claire","38103"
"","null","Wisconsin-La Crosse","38105"
"Wittenberg University","Wittenberg","wittenberg","2541"
"William Paterson University ","William Paterson","wm-paterson","2517"
"Wofford College","Wofford","wofford","2543"
"College of Wooster","Wooster","wooster","709"
"Worcester State University","Worcester St.","worcester-st","2547"
"Worcester Polytechnic Institute","WPI","wpi","2545"
"Wright State University","Wright St.","wright-st","2549"
"","null","WVU","38091"
"University of Wyoming","Wyoming","wyoming","2369"
"Xavier University","Xavier","xavier","2551"
"Yale University","Yale","yale","2553"
"Yeshiva University","Yeshiva","yeshiva","2555"
"York College (N.Y.) ","York (NY)","york-ny","2557"
"York College (Pa.)","York (PA)","york-pa","2559"
"Young Harris College","Young Harris","young-harris","27411"
"Youngstown State University","Youngstown St.","youngstown-st","2561"
